id,filename,url,artist_name,artist_href,source_url
1,neko_001.png,https://adgsenpai.github.io/leagueoflegendsstaticapi/static/neko_001.png,hirome99,https://www.pixiv.net/en/users/1849800,https://www.pixiv.net/en/artworks/125501597
2,neko_002.png,https://adgsenpai.github.io/leagueoflegendsstaticapi/static/neko_002.png,maya,https://www.pixiv.net/en/users/2166089,https://www.pixiv.net/en/artworks/106981522
3,neko_003.png,https://adgsenpai.github.io/leagueoflegendsstaticapi/static/neko_003.png,ともー,https://www.pixiv.net/en/users/1801112,https://www.pixiv.net/en/artworks/55532559
4,neko_004.png,https://adgsenpai.github.io/leagueoflegendsstaticapi/static/neko_004.png,ktd13_,https://twitter.com/iktd13_,https://twitter.com/iktd13_/status/1408773292987539456
5,neko_005.png,https://adgsenpai.github.io/leagueoflegendsstaticapi/static/neko_005.png,なるみる,https://www.pixiv.net/en/users/65205570,https://www.pixiv.net/en/artworks/91257373
6,neko_006.png,https://adgsenpai.github.io/leagueoflegendsstaticapi/static/neko_006.png,Kiraboshi,https://x.com/Kiraboshi5201,https://x.com/Kiraboshi5201/status/1960635901224346071
7,neko_007.png,https://adgsenpai.github.io/leagueoflegendsstaticapi/static/neko_007.png,汰,https://www.pixiv.net/en/users/24958490,https://www.pixiv.net/en/artworks/86167464
8,neko_008.png,https://adgsenpai.github.io/leagueoflegendsstaticapi/static/neko_008.png,梨,https://www.pixiv.net/en/users/14096631,https://www.pixiv.net/en/artworks/133374201
9,neko_009.png,https://adgsenpai.github.io/leagueoflegendsstaticapi/static/neko_009.png,eXplain（表解释那么多）,https://www.pixiv.net/en/users/32453429,https://www.pixiv.net/en/artworks/119963278
10,neko_010.png,https://adgsenpai.github.io/leagueoflegendsstaticapi/static/neko_010.png,カジマコト,https://www.pixiv.net/en/users/21928460,https://www.pixiv.net/en/artworks/85750080
11,neko_011.png,https://adgsenpai.github.io/leagueoflegendsstaticapi/static/neko_011.png,るかこ,https://www.pixiv.net/en/users/9155411,https://www.pixiv.net/en/artworks/94554340
12,neko_012.png,https://adgsenpai.github.io/leagueoflegendsstaticapi/static/neko_012.png,ノア290,https://www.pixiv.net/en/users/54529688,https://www.pixiv.net/en/artworks/105314767
13,neko_013.png,https://adgsenpai.github.io/leagueoflegendsstaticapi/static/neko_013.png,柚杞ゆぎな,https://www.pixiv.net/en/users/13770035,https://www.pixiv.net/en/artworks/89551702
14,neko_014.png,https://adgsenpai.github.io/leagueoflegendsstaticapi/static/neko_014.png,すぴ,https://www.pixiv.net/en/users/77801511,https://www.pixiv.net/en/artworks/118001629
15,neko_015.png,https://adgsenpai.github.io/leagueoflegendsstaticapi/static/neko_015.png,anny,https://x.com/annytf,https://x.com/annytf/status/1908919206520963174
16,neko_016.png,https://adgsenpai.github.io/leagueoflegendsstaticapi/static/neko_016.png,やすゆき,https://www.pixiv.net/en/users/105026,https://www.pixiv.net/en/artworks/78436790
17,neko_017.png,https://adgsenpai.github.io/leagueoflegendsstaticapi/static/neko_017.png,東雲しの,https://www.pixiv.net/en/users/90594984,https://www.pixiv.net/en/artworks/107179816
18,neko_018.png,https://adgsenpai.github.io/leagueoflegendsstaticapi/static/neko_018.png,ヒノ,https://www.pixiv.net/en/users/5292080,https://www.pixiv.net/en/artworks/94978656
19,neko_019.png,https://adgsenpai.github.io/leagueoflegendsstaticapi/static/neko_019.png,すた0822,https://www.pixiv.net/en/users/90077146,https://www.pixiv.net/en/artworks/107743669
20,neko_020.png,https://adgsenpai.github.io/leagueoflegendsstaticapi/static/neko_020.png,jimmy,https://www.pixiv.net/en/users/5768971,https://www.pixiv.net/en/artworks/89860764
21,neko_021.png,https://adgsenpai.github.io/leagueoflegendsstaticapi/static/neko_021.png,Aria,https://www.pixiv.net/en/users/96002681,https://www.pixiv.net/en/artworks/126347873
22,neko_022.png,https://adgsenpai.github.io/leagueoflegendsstaticapi/static/neko_022.png,甘城なつき,https://www.pixiv.net/en/users/3036679,https://anime-pictures.net/pictures/view_post/624063
23,neko_023.png,https://adgsenpai.github.io/leagueoflegendsstaticapi/static/neko_023.png,Cem,https://twitter.com/_ceemh,https://twitter.com/_ceemh/status/1603678621201494016
24,neko_024.png,https://adgsenpai.github.io/leagueoflegendsstaticapi/static/neko_024.png,NZM太郎,https://www.pixiv.net/en/users/96652146,https://www.pixiv.net/en/artworks/118699358
25,neko_025.png,https://adgsenpai.github.io/leagueoflegendsstaticapi/static/neko_025.png,猫村 たまご,https://www.pixiv.net/en/users/62484154,https://www.pixiv.net/en/artworks/93216912
26,neko_026.png,https://adgsenpai.github.io/leagueoflegendsstaticapi/static/neko_026.png,るかこ,https://www.pixiv.net/en/users/9155411,https://www.pixiv.net/en/artworks/93276717
27,neko_027.png,https://adgsenpai.github.io/leagueoflegendsstaticapi/static/neko_027.png,kittyyyy,https://www.pixiv.net/en/users/44469942,https://www.pixiv.net/en/artworks/79965126
28,neko_028.png,https://adgsenpai.github.io/leagueoflegendsstaticapi/static/neko_028.png,激熱ヴイ,https://www.pixiv.net/en/users/69402291,https://www.pixiv.net/en/artworks/116313473
29,neko_029.png,https://adgsenpai.github.io/leagueoflegendsstaticapi/static/neko_029.png,みーすりー,https://twitter.com/o_oi_m3,https://twitter.com/o_oi_m3/status/1859177989159686317
30,neko_030.png,https://adgsenpai.github.io/leagueoflegendsstaticapi/static/neko_030.png,ぽて男,https://twitter.com/poteo0310,https://twitter.com/poteo0310/status/1718459613111353662
31,neko_031.png,https://adgsenpai.github.io/leagueoflegendsstaticapi/static/neko_031.png,おまる,https://www.pixiv.net/en/users/11080805,https://www.pixiv.net/en/artworks/96637291
32,neko_032.png,https://adgsenpai.github.io/leagueoflegendsstaticapi/static/neko_032.png,uetakkun,https://twitter.com/uetakkun/status/1300106416984711171,https://twitter.com/i/web/status/1300106416984711171
33,neko_033.png,https://adgsenpai.github.io/leagueoflegendsstaticapi/static/neko_033.png,319N.,https://www.pixiv.net/en/users/31674583,https://www.pixiv.net/en/artworks/98068272
34,neko_034.png,https://adgsenpai.github.io/leagueoflegendsstaticapi/static/neko_034.png,KONGYA,https://www.pixiv.net/en/users/7509825,https://www.pixiv.net/en/artworks/82080718
35,neko_035.png,https://adgsenpai.github.io/leagueoflegendsstaticapi/static/neko_035.png,タン塩,https://www.pixiv.net/en/users/37889769,https://www.pixiv.net/en/artworks/93311982
36,neko_036.png,https://adgsenpai.github.io/leagueoflegendsstaticapi/static/neko_036.png,桜花,https://www.pixiv.net/en/users/17985826,https://www.pixiv.net/en/artworks/86824721
37,neko_037.png,https://adgsenpai.github.io/leagueoflegendsstaticapi/static/neko_037.png,ツユハ,https://www.pixiv.net/en/users/29694453,https://www.pixiv.net/en/artworks/97586424
38,neko_038.png,https://adgsenpai.github.io/leagueoflegendsstaticapi/static/neko_038.png,岸間晴乃,https://www.pixiv.net/en/users/6198080,https://www.pixiv.net/en/artworks/93372230
39,neko_039.png,https://adgsenpai.github.io/leagueoflegendsstaticapi/static/neko_039.png,ツユハ,https://www.pixiv.net/en/users/29694453,https://www.pixiv.net/en/artworks/102359490
40,neko_040.png,https://adgsenpai.github.io/leagueoflegendsstaticapi/static/neko_040.png,あっちゅん,https://www.pixiv.net/en/users/8988728,https://www.pixiv.net/en/artworks/105617476
41,neko_041.png,https://adgsenpai.github.io/leagueoflegendsstaticapi/static/neko_041.png,ハイル,https://www.pixiv.net/en/users/80919547,https://www.pixiv.net/en/artworks/125591758
42,neko_042.png,https://adgsenpai.github.io/leagueoflegendsstaticapi/static/neko_042.png,にゅむ,https://www.pixiv.net/en/users/6018940,https://www.pixiv.net/en/artworks/110213791
43,neko_043.png,https://adgsenpai.github.io/leagueoflegendsstaticapi/static/neko_043.png,んぬ,https://www.pixiv.net/en/users/4103937,https://www.pixiv.net/en/artworks/93209817
44,neko_044.png,https://adgsenpai.github.io/leagueoflegendsstaticapi/static/neko_044.png,M子,https://www.pixiv.net/en/users/3335418,https://www.pixiv.net/en/artworks/129992991
45,neko_045.png,https://adgsenpai.github.io/leagueoflegendsstaticapi/static/neko_045.png,久舞とこ,https://www.pixiv.net/en/users/22273113,https://www.pixiv.net/en/artworks/86528787
46,neko_046.png,https://adgsenpai.github.io/leagueoflegendsstaticapi/static/neko_046.png,薩摩妹子,https://www.pixiv.net/en/users/23467666,https://www.pixiv.net/en/artworks/88337910
47,neko_047.png,https://adgsenpai.github.io/leagueoflegendsstaticapi/static/neko_047.png,ももしき,https://twitter.com/momoshiki,https://twitter.com/momoshiki/status/1817462882046734406
48,neko_048.png,https://adgsenpai.github.io/leagueoflegendsstaticapi/static/neko_048.png,LazyRamen,https://www.pixiv.net/en/users/65739738,https://www.pixiv.net/en/artworks/105192915
49,neko_049.png,https://adgsenpai.github.io/leagueoflegendsstaticapi/static/neko_049.png,ゆゅ,https://twitter.com/shitake110,https://twitter.com/shitake110/status/1772589582149943384
50,neko_050.png,https://adgsenpai.github.io/leagueoflegendsstaticapi/static/neko_050.png,あんず,https://seiga.nicovideo.jp/user/illust/97529431,https://seiga.nicovideo.jp/seiga/im10620381
